Geovany,Wunsch,silas.jast@weber.info,(304) 495-5586,2016-04-25 05:00:32 -0500
Delbert,Quitzon,aracely@casperswift.net,1-958-270-7470,2016-04-16 01:05:17 -0500
Jamil,Batz,arvel@padbergpagac.net,(278) 595-8853,2016-04-22 06:16:39 -0500
Axel,Abshire,cristina@deckow.com,449.223.8885,2016-06-12 12:27:15 -0500
Holden,Thiel,margie_glover@jacobi.org,(283) 364-7585,2016-05-07 01:09:49 -0500
Kiana,McClure,mose.hermiston@tremblay.com,(827) 906-4093,2016-05-10 15:15:34 -0500
Mckenzie,Murazik,wilber@hoppe.info,1-265-385-2341,2016-03-08 00:38:47 -0600
Ozzie,Armstrong,furman.bode@schaeferhintz.com,(538) 536-5490,2016-06-12 10:39:43 -0500
Dorris,Cronin,estevan@rohangoldner.org,1-951-565-7653,2016-05-10 19:04:55 -0500
Terence,Jacobs,gardner@kuhlmanstracke.co,(774) 511-3796,2016-05-23 00:37:30 -0500
Ben,Feil,lucy@nienow.io,499.965.1910,2016-03-16 23:22:58 -0600
Maybell,Ritchie,cora_kohler@swift.net,411.661.9509,2016-06-09 15:14:28 -0500
Gennaro,Rippin,madilyn_okeefe@medhurststiedemann.io,344-075-0226,2016-04-21 07:01:37 -0500
Reanna,Deckow,oliver.oreilly@green.com,(512) 495-8410,2016-06-13 14:40:16 -0500
Finn,Bartell,vinnie@strackemccullough.io,956.653.2444,2016-04-14 21:36:14 -0500
